Name,Comment,Data Type,Alias,Attribute,Dimension,String Size,Initial Value,Direction,Project Value,Version=2
(Name),(Comment),(DataType),(Alias),(Attribute),(Dimension),(StringSize),(InitialValue),(Direction),(ProjectValue)
MAX_BATCH_HISTORY,Batch history circular buffer size.,DINT,,ReadWrite,,,20,Var,
Phase,State machine phase.,INT,,ReadWrite,,,0,Var,
StartPB,Start pushbutton input.,BOOL,,ReadWrite,,,FALSE,Var,
ProcessCompleteFlag,Indicates batch has completed and is waiting for operator release.,BOOL,,ReadWrite,,,FALSE,Var,
BatchID,Current batch number.,DINT,,ReadWrite,,,0,Var,
TargetTemp,Target temperature setpoint selected from active recipe.,REAL,,ReadWrite,,,0.0,Var,
TargetLevel,Target vessel level setpoint selected from active recipe.,REAL,,ReadWrite,,,0.0,Var,
TT_Temp,Simulated temperature transmitter measurement.,REAL,,ReadWrite,,,25.0,Var,
LT_Level,Simulated level transmitter measurement.,REAL,,ReadWrite,,,0.0,Var,
HeaterCmd,Command to run heater.,BOOL,,ReadWrite,,,FALSE,Var,
ProcessInletValveCmd,Command to open process inlet valve.,BOOL,,ReadWrite,,,FALSE,Var,
ProductOutletValveCmd,Command to open product outlet valve.,BOOL,,ReadWrite,,,FALSE,Var,
MixerCmd,Command to run mixer motor.,BOOL,,ReadWrite,,,FALSE,Var,
PID_Error,PID error.,REAL,,ReadWrite,,,0.0,Var,
PID_Output,PID output.,REAL,,ReadWrite,,,0.0,Var,
PID_Kp,PID proportional gain.,REAL,,ReadWrite,,,2.0,Var,
PID_Ki,PID integral gain.,REAL,,ReadWrite,,,0.1,Var,
PID_Integral,PID integral accumulator.,REAL,,ReadWrite,,,0.0,Var,
RT_StartTime,System time when batch started.,DINT,,ReadWrite,,,,Var,
RT_EndTime,System time when batch ended.,DINT,,ReadWrite,,,,Var,
RT_MaxTemp,Maximum temperature recorded during batch.,REAL,,ReadWrite,,,,Var,
RT_AlarmOccurred,Indicates that at least one alarm or fault occurred during batch.,BOOL,,ReadWrite,,,,Var,
RT_MixTimeAccum,Actual accumulated mix time during mixing phase of batch.,TIME,,ReadWrite,,,,Var,
BatchTime,"Simulated elapsed batch time counter used for duration tracking, hold timing, and fault timing.",DINT,,ReadWrite,,,,Var,
HighTempAlarm,Latched high temperature alarm triggered when vessel temperature exceeds recipe target temperature by 5 °C.,BOOL,,ReadWrite,,,FALSE,Var,
HighLevelAlarm,Latched high level alarm triggered when vessel level exceeds 95 % of maximum capacity.,BOOL,,ReadWrite,,,FALSE,Var,
GeneralFault,General fault indicator.,BOOL,,ReadWrite,,,FALSE,Var,
HistoryIndex,Batch history circular buffer index.,DINT,,ReadWrite,,,0,Var,
BH_BatchID,"Batch ID, stored in batch history buffer.",DINT,,ReadWrite,[0..19],,,Var,
BH_BatchID[0],,DINT,,,,,,,
BH_BatchID[1],,DINT,,,,,,,
BH_BatchID[2],,DINT,,,,,,,
BH_BatchID[3],,DINT,,,,,,,
BH_BatchID[4],,DINT,,,,,,,
BH_BatchID[5],,DINT,,,,,,,
BH_BatchID[6],,DINT,,,,,,,
BH_BatchID[7],,DINT,,,,,,,
BH_BatchID[8],,DINT,,,,,,,
BH_BatchID[9],,DINT,,,,,,,
BH_BatchID[10],,DINT,,,,,,,
BH_BatchID[11],,DINT,,,,,,,
BH_BatchID[12],,DINT,,,,,,,
BH_BatchID[13],,DINT,,,,,,,
BH_BatchID[14],,DINT,,,,,,,
BH_BatchID[15],,DINT,,,,,,,
BH_BatchID[16],,DINT,,,,,,,
BH_BatchID[17],,DINT,,,,,,,
BH_BatchID[18],,DINT,,,,,,,
BH_BatchID[19],,DINT,,,,,,,
BH_StartTime,"Batch start time, stored in batch history buffer.",DINT,,ReadWrite,[0..19],,,Var,
BH_StartTime[0],,DINT,,,,,,,
BH_StartTime[1],,DINT,,,,,,,
BH_StartTime[2],,DINT,,,,,,,
BH_StartTime[3],,DINT,,,,,,,
BH_StartTime[4],,DINT,,,,,,,
BH_StartTime[5],,DINT,,,,,,,
BH_StartTime[6],,DINT,,,,,,,
BH_StartTime[7],,DINT,,,,,,,
BH_StartTime[8],,DINT,,,,,,,
BH_StartTime[9],,DINT,,,,,,,
BH_StartTime[10],,DINT,,,,,,,
BH_StartTime[11],,DINT,,,,,,,
BH_StartTime[12],,DINT,,,,,,,
BH_StartTime[13],,DINT,,,,,,,
BH_StartTime[14],,DINT,,,,,,,
BH_StartTime[15],,DINT,,,,,,,
BH_StartTime[16],,DINT,,,,,,,
BH_StartTime[17],,DINT,,,,,,,
BH_StartTime[18],,DINT,,,,,,,
BH_StartTime[19],,DINT,,,,,,,
BH_EndTime,"Batch end time, stored in batch history buffer.",DINT,,ReadWrite,[0..19],,,Var,
BH_EndTime[0],,DINT,,,,,,,
BH_EndTime[1],,DINT,,,,,,,
BH_EndTime[2],,DINT,,,,,,,
BH_EndTime[3],,DINT,,,,,,,
BH_EndTime[4],,DINT,,,,,,,
BH_EndTime[5],,DINT,,,,,,,
BH_EndTime[6],,DINT,,,,,,,
BH_EndTime[7],,DINT,,,,,,,
BH_EndTime[8],,DINT,,,,,,,
BH_EndTime[9],,DINT,,,,,,,
BH_EndTime[10],,DINT,,,,,,,
BH_EndTime[11],,DINT,,,,,,,
BH_EndTime[12],,DINT,,,,,,,
BH_EndTime[13],,DINT,,,,,,,
BH_EndTime[14],,DINT,,,,,,,
BH_EndTime[15],,DINT,,,,,,,
BH_EndTime[16],,DINT,,,,,,,
BH_EndTime[17],,DINT,,,,,,,
BH_EndTime[18],,DINT,,,,,,,
BH_EndTime[19],,DINT,,,,,,,
BH_TargetTemp,"Recipe target temperature, stored in batch history buffer.",REAL,,ReadWrite,[0..19],,,Var,
BH_TargetTemp[0],,REAL,,,,,,,
BH_TargetTemp[1],,REAL,,,,,,,
BH_TargetTemp[2],,REAL,,,,,,,
BH_TargetTemp[3],,REAL,,,,,,,
BH_TargetTemp[4],,REAL,,,,,,,
BH_TargetTemp[5],,REAL,,,,,,,
BH_TargetTemp[6],,REAL,,,,,,,
BH_TargetTemp[7],,REAL,,,,,,,
BH_TargetTemp[8],,REAL,,,,,,,
BH_TargetTemp[9],,REAL,,,,,,,
BH_TargetTemp[10],,REAL,,,,,,,
BH_TargetTemp[11],,REAL,,,,,,,
BH_TargetTemp[12],,REAL,,,,,,,
BH_TargetTemp[13],,REAL,,,,,,,
BH_TargetTemp[14],,REAL,,,,,,,
BH_TargetTemp[15],,REAL,,,,,,,
BH_TargetTemp[16],,REAL,,,,,,,
BH_TargetTemp[17],,REAL,,,,,,,
BH_TargetTemp[18],,REAL,,,,,,,
BH_TargetTemp[19],,REAL,,,,,,,
BH_TargetLevel,"Recipe target level, stored in batch history buffer.",REAL,,ReadWrite,[0..19],,,Var,
BH_TargetLevel[0],,REAL,,,,,,,
BH_TargetLevel[1],,REAL,,,,,,,
BH_TargetLevel[2],,REAL,,,,,,,
BH_TargetLevel[3],,REAL,,,,,,,
BH_TargetLevel[4],,REAL,,,,,,,
BH_TargetLevel[5],,REAL,,,,,,,
BH_TargetLevel[6],,REAL,,,,,,,
BH_TargetLevel[7],,REAL,,,,,,,
BH_TargetLevel[8],,REAL,,,,,,,
BH_TargetLevel[9],,REAL,,,,,,,
BH_TargetLevel[10],,REAL,,,,,,,
BH_TargetLevel[11],,REAL,,,,,,,
BH_TargetLevel[12],,REAL,,,,,,,
BH_TargetLevel[13],,REAL,,,,,,,
BH_TargetLevel[14],,REAL,,,,,,,
BH_TargetLevel[15],,REAL,,,,,,,
BH_TargetLevel[16],,REAL,,,,,,,
BH_TargetLevel[17],,REAL,,,,,,,
BH_TargetLevel[18],,REAL,,,,,,,
BH_TargetLevel[19],,REAL,,,,,,,
BH_SetMixTime,"Recipe set mix time during mixing phase, stored in batch history buffer.",TIME,,ReadWrite,[0..19],,,Var,
BH_SetMixTime[0],,TIME,,,,,,,
BH_SetMixTime[1],,TIME,,,,,,,
BH_SetMixTime[2],,TIME,,,,,,,
BH_SetMixTime[3],,TIME,,,,,,,
BH_SetMixTime[4],,TIME,,,,,,,
BH_SetMixTime[5],,TIME,,,,,,,
BH_SetMixTime[6],,TIME,,,,,,,
BH_SetMixTime[7],,TIME,,,,,,,
BH_SetMixTime[8],,TIME,,,,,,,
BH_SetMixTime[9],,TIME,,,,,,,
BH_SetMixTime[10],,TIME,,,,,,,
BH_SetMixTime[11],,TIME,,,,,,,
BH_SetMixTime[12],,TIME,,,,,,,
BH_SetMixTime[13],,TIME,,,,,,,
BH_SetMixTime[14],,TIME,,,,,,,
BH_SetMixTime[15],,TIME,,,,,,,
BH_SetMixTime[16],,TIME,,,,,,,
BH_SetMixTime[17],,TIME,,,,,,,
BH_SetMixTime[18],,TIME,,,,,,,
BH_SetMixTime[19],,TIME,,,,,,,
BH_MaxTemp,"Maximum temperature recorded during batch, stored in batch history buffer.",REAL,,ReadWrite,[0..19],,,Var,
BH_MaxTemp[0],,REAL,,,,,,,
BH_MaxTemp[1],,REAL,,,,,,,
BH_MaxTemp[2],,REAL,,,,,,,
BH_MaxTemp[3],,REAL,,,,,,,
BH_MaxTemp[4],,REAL,,,,,,,
BH_MaxTemp[5],,REAL,,,,,,,
BH_MaxTemp[6],,REAL,,,,,,,
BH_MaxTemp[7],,REAL,,,,,,,
BH_MaxTemp[8],,REAL,,,,,,,
BH_MaxTemp[9],,REAL,,,,,,,
BH_MaxTemp[10],,REAL,,,,,,,
BH_MaxTemp[11],,REAL,,,,,,,
BH_MaxTemp[12],,REAL,,,,,,,
BH_MaxTemp[13],,REAL,,,,,,,
BH_MaxTemp[14],,REAL,,,,,,,
BH_MaxTemp[15],,REAL,,,,,,,
BH_MaxTemp[16],,REAL,,,,,,,
BH_MaxTemp[17],,REAL,,,,,,,
BH_MaxTemp[18],,REAL,,,,,,,
BH_MaxTemp[19],,REAL,,,,,,,
BH_ActualMixTime,"Actual mix time during mixing phase, stored in batch history buffer.",TIME,,ReadWrite,[0..19],,,Var,
BH_ActualMixTime[0],,TIME,,,,,,,
BH_ActualMixTime[1],,TIME,,,,,,,
BH_ActualMixTime[2],,TIME,,,,,,,
BH_ActualMixTime[3],,TIME,,,,,,,
BH_ActualMixTime[4],,TIME,,,,,,,
BH_ActualMixTime[5],,TIME,,,,,,,
BH_ActualMixTime[6],,TIME,,,,,,,
BH_ActualMixTime[7],,TIME,,,,,,,
BH_ActualMixTime[8],,TIME,,,,,,,
BH_ActualMixTime[9],,TIME,,,,,,,
BH_ActualMixTime[10],,TIME,,,,,,,
BH_ActualMixTime[11],,TIME,,,,,,,
BH_ActualMixTime[12],,TIME,,,,,,,
BH_ActualMixTime[13],,TIME,,,,,,,
BH_ActualMixTime[14],,TIME,,,,,,,
BH_ActualMixTime[15],,TIME,,,,,,,
BH_ActualMixTime[16],,TIME,,,,,,,
BH_ActualMixTime[17],,TIME,,,,,,,
BH_ActualMixTime[18],,TIME,,,,,,,
BH_ActualMixTime[19],,TIME,,,,,,,
BH_AlarmOccurred,"Indicates that at least one alarm or fault occurred during batch, stored in batch history buffer.",BOOL,,ReadWrite,[0..19],,,Var,
BH_AlarmOccurred[0],,BOOL,,,,,,,
BH_AlarmOccurred[1],,BOOL,,,,,,,
BH_AlarmOccurred[2],,BOOL,,,,,,,
BH_AlarmOccurred[3],,BOOL,,,,,,,
BH_AlarmOccurred[4],,BOOL,,,,,,,
BH_AlarmOccurred[5],,BOOL,,,,,,,
BH_AlarmOccurred[6],,BOOL,,,,,,,
BH_AlarmOccurred[7],,BOOL,,,,,,,
BH_AlarmOccurred[8],,BOOL,,,,,,,
BH_AlarmOccurred[9],,BOOL,,,,,,,
BH_AlarmOccurred[10],,BOOL,,,,,,,
BH_AlarmOccurred[11],,BOOL,,,,,,,
BH_AlarmOccurred[12],,BOOL,,,,,,,
BH_AlarmOccurred[13],,BOOL,,,,,,,
BH_AlarmOccurred[14],,BOOL,,,,,,,
BH_AlarmOccurred[15],,BOOL,,,,,,,
BH_AlarmOccurred[16],,BOOL,,,,,,,
BH_AlarmOccurred[17],,BOOL,,,,,,,
BH_AlarmOccurred[18],,BOOL,,,,,,,
BH_AlarmOccurred[19],,BOOL,,,,,,,
ResetPB,Reset pushbutton input.,BOOL,,ReadWrite,,,FALSE,Var,
VesselClean,Indicates vessel has completed CIP and is validated as clean.,BOOL,,ReadWrite,,,TRUE,Var,
CIP_Timer,Accumulates CIP circulation time.,TIME,,ReadWrite,,,,Var,
CIPTime,Total amount of CIP circulation time to accumulate.,TIME,,ReadWrite,,,T#15m,Var,
CIP_FillLevel,Target vessel level for CIP circulation stage.,REAL,,ReadWrite,,,70.0,Var,
HeaterPower,PID controller output representing heater power as a percentage (0-100 %) of maximum heating capacity.,REAL,,ReadWrite,,,,Var,
ScanTime,PLC program scan time used for PID controller calculations.,REAL,,ReadWrite,,,0.1,Var,
PreviousPhase,Previous state machine phase.,INT,,ReadWrite,,,,Var,
ResumePB,Resume pushbutton input.,BOOL,,ReadWrite,,,,Var,
HoldPB,Pause pushbutton input.,BOOL,,ReadWrite,,,,Var,
MaxHoldTime,Maximum time process can be paused before having to discard batch.,DINT,,ReadWrite,,,60000,Var,
ProductValid,Indicates whether batch product remains valid or must be discarded due to faults or process interruptions.,BOOL,,ReadWrite,,,,Var,
RT_BatchArchived,Indicates that batch was archived.,BOOL,,ReadWrite,,,,Var,
RT_TerminateRequest,Indicates that batch was terminated and is to be archived.,BOOL,,ReadWrite,,,,Var,
ReleasePB,Release pushbutton input.,BOOL,,ReadWrite,,,,Var,
BATCH_NONE,Indicates that a result was not attributed to batch yet.,INT,,ReadWrite,,,0,Var,
BATCH_SUCCESS,Indicates that a batch was successful.,INT,,ReadWrite,,,1,Var,
BATCH_ABORTED,Indicates that a batch was aborted.,INT,,ReadWrite,,,2,Var,
BATCH_DISCARDED_HOLD_TIMEOUT,Indicates that a batch was discarded due to excessive hold duration.,INT,,ReadWrite,,,3,Var,
BATCH_INTERNAL_FAULT,Indicates that a batch failed due an instrumental fault.,INT,,ReadWrite,,,4,Var,
RT_Result,Final outcome of batch.,INT,,ReadWrite,,,,Var,
BH_Result,"Final outcome of batch, stored in batch history buffer.",INT,,ReadWrite,[0..19],,,Var,
BH_Result[0],,INT,,,,,,,
BH_Result[1],,INT,,,,,,,
BH_Result[2],,INT,,,,,,,
BH_Result[3],,INT,,,,,,,
BH_Result[4],,INT,,,,,,,
BH_Result[5],,INT,,,,,,,
BH_Result[6],,INT,,,,,,,
BH_Result[7],,INT,,,,,,,
BH_Result[8],,INT,,,,,,,
BH_Result[9],,INT,,,,,,,
BH_Result[10],,INT,,,,,,,
BH_Result[11],,INT,,,,,,,
BH_Result[12],,INT,,,,,,,
BH_Result[13],,INT,,,,,,,
BH_Result[14],,INT,,,,,,,
BH_Result[15],,INT,,,,,,,
BH_Result[16],,INT,,,,,,,
BH_Result[17],,INT,,,,,,,
BH_Result[18],,INT,,,,,,,
BH_Result[19],,INT,,,,,,,
AbortPB,Abort pushbutton input.,BOOL,,ReadWrite,,,FALSE,Var,
EstopPB,Emergency stop pushbutton input.,BOOL,,ReadWrite,,,FALSE,Var,
BH_LastPhase,"Last phase active process went through, stored in batch history buffer.",INT,,ReadWrite,[0..19],,,Var,
BH_LastPhase[0],,INT,,,,,,,
BH_LastPhase[1],,INT,,,,,,,
BH_LastPhase[2],,INT,,,,,,,
BH_LastPhase[3],,INT,,,,,,,
BH_LastPhase[4],,INT,,,,,,,
BH_LastPhase[5],,INT,,,,,,,
BH_LastPhase[6],,INT,,,,,,,
BH_LastPhase[7],,INT,,,,,,,
BH_LastPhase[8],,INT,,,,,,,
BH_LastPhase[9],,INT,,,,,,,
BH_LastPhase[10],,INT,,,,,,,
BH_LastPhase[11],,INT,,,,,,,
BH_LastPhase[12],,INT,,,,,,,
BH_LastPhase[13],,INT,,,,,,,
BH_LastPhase[14],,INT,,,,,,,
BH_LastPhase[15],,INT,,,,,,,
BH_LastPhase[16],,INT,,,,,,,
BH_LastPhase[17],,INT,,,,,,,
BH_LastPhase[18],,INT,,,,,,,
BH_LastPhase[19],,INT,,,,,,,
HoldTimeoutAlarm,Latched hold timeout alarm triggered when accumulated hold duration exceeds maximum allowable hold time and batch must be discarded.,BOOL,,ReadWrite,,,,Var,
BATCH_ABORTED_ESTOP,Indicates that a batch was aborted due to emergency stop.,INT,,ReadWrite,,,5,Var,
NextPhase,Next state machine phase.,INT,,ReadWrite,,,,Var,
StartPermissive,Indicates whether conditions are satisfied to allow batch process to start.,BOOL,,ReadWrite,,,,Var,
MaxFaultRecoveryTime,Maximum duration a minor fault condition may persist before batch is discarded.,DINT,,ReadWrite,,,60000,Var,
Recipe_TargetLevel,Target vessel level defined by recipe that filling phase must reach before proceeding.,REAL,,ReadWrite,[1..3],,,Var,
Recipe_TargetLevel[1],,REAL,,,,,70.0,,
Recipe_TargetLevel[2],,REAL,,,,,60.0,,
Recipe_TargetLevel[3],,REAL,,,,,75.0,,
Recipe_MixTime,Mix time defined by recipe that mixing phase must perform before proceeding.,TIME,,ReadWrite,[1..3],,,Var,
Recipe_MixTime[1],,TIME,,,,,T#60s,,
Recipe_MixTime[2],,TIME,,,,,T#90s,,
Recipe_MixTime[3],,TIME,,,,,T#120s,,
SelectedRecipe,Index of recipe selected by operator for next batch.,DINT,,ReadWrite,,,1,Var,
Recipe_Name,Descriptive names of available recipes displayed on HMI.,STRING,,ReadWrite,[1..3],80,,Var,
Recipe_Name[1],,STRING,,,,80,'Standard Blend',,
Recipe_Name[2],,STRING,,,,80,'Low Temp Blend',,
Recipe_Name[3],,STRING,,,,80,'High Temp Reaction',,
HighHighTempAlarm,Latched high-high temperature alarm triggered when vessel temperature exceeds recipe target temperature by 10 °C.,BOOL,,ReadWrite,,,,Var,
LowLevelAlarm,Latched low level alarm triggered when vessel level is below 10 % of maximum capacity during heating or mixing phases.,BOOL,,ReadWrite,,,,Var,
HighTempActive,High temperature alarm condition. True when vessel temperature exceeds recipe target temperature by 5 °C.,BOOL,,ReadWrite,,,,Var,
HighHighTempActive,High-high temperature alarm condition. True when vessel temperature exceeds recipe target temperature by 10 °C.,BOOL,,ReadWrite,,,,Var,
LowLevelActive,Low level alarm condition. True when vessel level is below 10 % of maximum capacity during heating or mixing phases.,BOOL,,ReadWrite,,,,Var,
HighLevelActive,High level alarm condition. True when vessel level exceeds 95 % of maximum capacity.,BOOL,,ReadWrite,,,,Var,
HighTempAck,Operator acknowledgment used to clear high temperature alarm.,BOOL,,ReadWrite,,,,Var,
HighHighTempAck,Operator acknowledgment used to clear high-high temperature alarm.,BOOL,,ReadWrite,,,,Var,
LowLevelAck,Operator acknowledgment used to clear low level alarm.,BOOL,,ReadWrite,,,,Var,
HighLevelAck,Operator acknowledgment used to clear high level alarm.,BOOL,,ReadWrite,,,,Var,
Recipe_TargetTemp,Target temperature defined by recipe that heating phase must reach before proceeding.,REAL,,ReadWrite,[1..3],,,Var,
Recipe_TargetTemp[1],,REAL,,,,,80.0,,
Recipe_TargetTemp[2],,REAL,,,,,65.0,,
Recipe_TargetTemp[3],,REAL,,,,,90.0,,
RT_FillEndLevel,Actual level when filling phase finished.,REAL,,ReadWrite,,,,Var,
RT_HeatEndTemp,Temperature when heating phase finished.,REAL,,ReadWrite,,,,Var,
RT_AlarmCount,Total number of alarms triggered during batch.,INT,,ReadWrite,,,,Var,
BH_FillEndLevel,"Actual level when filling phase finished, stored in batch history buffer.",REAL,,ReadWrite,[0..19],,,Var,
BH_FillEndLevel[0],,REAL,,,,,,,
BH_FillEndLevel[1],,REAL,,,,,,,
BH_FillEndLevel[2],,REAL,,,,,,,
BH_FillEndLevel[3],,REAL,,,,,,,
BH_FillEndLevel[4],,REAL,,,,,,,
BH_FillEndLevel[5],,REAL,,,,,,,
BH_FillEndLevel[6],,REAL,,,,,,,
BH_FillEndLevel[7],,REAL,,,,,,,
BH_FillEndLevel[8],,REAL,,,,,,,
BH_FillEndLevel[9],,REAL,,,,,,,
BH_FillEndLevel[10],,REAL,,,,,,,
BH_FillEndLevel[11],,REAL,,,,,,,
BH_FillEndLevel[12],,REAL,,,,,,,
BH_FillEndLevel[13],,REAL,,,,,,,
BH_FillEndLevel[14],,REAL,,,,,,,
BH_FillEndLevel[15],,REAL,,,,,,,
BH_FillEndLevel[16],,REAL,,,,,,,
BH_FillEndLevel[17],,REAL,,,,,,,
BH_FillEndLevel[18],,REAL,,,,,,,
BH_FillEndLevel[19],,REAL,,,,,,,
BH_HeatEndTemp,"Temperature when heating phase finished, stored in batch history buffer.",REAL,,ReadWrite,[0..19],,,Var,
BH_HeatEndTemp[0],,REAL,,,,,,,
BH_HeatEndTemp[1],,REAL,,,,,,,
BH_HeatEndTemp[2],,REAL,,,,,,,
BH_HeatEndTemp[3],,REAL,,,,,,,
BH_HeatEndTemp[4],,REAL,,,,,,,
BH_HeatEndTemp[5],,REAL,,,,,,,
BH_HeatEndTemp[6],,REAL,,,,,,,
BH_HeatEndTemp[7],,REAL,,,,,,,
BH_HeatEndTemp[8],,REAL,,,,,,,
BH_HeatEndTemp[9],,REAL,,,,,,,
BH_HeatEndTemp[10],,REAL,,,,,,,
BH_HeatEndTemp[11],,REAL,,,,,,,
BH_HeatEndTemp[12],,REAL,,,,,,,
BH_HeatEndTemp[13],,REAL,,,,,,,
BH_HeatEndTemp[14],,REAL,,,,,,,
BH_HeatEndTemp[15],,REAL,,,,,,,
BH_HeatEndTemp[16],,REAL,,,,,,,
BH_HeatEndTemp[17],,REAL,,,,,,,
BH_HeatEndTemp[18],,REAL,,,,,,,
BH_HeatEndTemp[19],,REAL,,,,,,,
BH_AlarmCount,"Total number of alarms triggered during batch, stored in batch history buffer.",INT,,ReadWrite,[0..19],,,Var,
BH_AlarmCount[0],,INT,,,,,,,
BH_AlarmCount[1],,INT,,,,,,,
BH_AlarmCount[2],,INT,,,,,,,
BH_AlarmCount[3],,INT,,,,,,,
BH_AlarmCount[4],,INT,,,,,,,
BH_AlarmCount[5],,INT,,,,,,,
BH_AlarmCount[6],,INT,,,,,,,
BH_AlarmCount[7],,INT,,,,,,,
BH_AlarmCount[8],,INT,,,,,,,
BH_AlarmCount[9],,INT,,,,,,,
BH_AlarmCount[10],,INT,,,,,,,
BH_AlarmCount[11],,INT,,,,,,,
BH_AlarmCount[12],,INT,,,,,,,
BH_AlarmCount[13],,INT,,,,,,,
BH_AlarmCount[14],,INT,,,,,,,
BH_AlarmCount[15],,INT,,,,,,,
BH_AlarmCount[16],,INT,,,,,,,
BH_AlarmCount[17],,INT,,,,,,,
BH_AlarmCount[18],,INT,,,,,,,
BH_AlarmCount[19],,INT,,,,,,,
BH_HoldDuration,"Total duration of accumulated hold time during batch, stored in batch history buffer.",DINT,,ReadWrite,[0..19],,,Var,
BH_HoldDuration[0],,DINT,,,,,,,
BH_HoldDuration[1],,DINT,,,,,,,
BH_HoldDuration[2],,DINT,,,,,,,
BH_HoldDuration[3],,DINT,,,,,,,
BH_HoldDuration[4],,DINT,,,,,,,
BH_HoldDuration[5],,DINT,,,,,,,
BH_HoldDuration[6],,DINT,,,,,,,
BH_HoldDuration[7],,DINT,,,,,,,
BH_HoldDuration[8],,DINT,,,,,,,
BH_HoldDuration[9],,DINT,,,,,,,
BH_HoldDuration[10],,DINT,,,,,,,
BH_HoldDuration[11],,DINT,,,,,,,
BH_HoldDuration[12],,DINT,,,,,,,
BH_HoldDuration[13],,DINT,,,,,,,
BH_HoldDuration[14],,DINT,,,,,,,
BH_HoldDuration[15],,DINT,,,,,,,
BH_HoldDuration[16],,DINT,,,,,,,
BH_HoldDuration[17],,DINT,,,,,,,
BH_HoldDuration[18],,DINT,,,,,,,
BH_HoldDuration[19],,DINT,,,,,,,
RT_CIPCompleted,Indicates that the CIP circulation time requirement was met.,BOOL,,ReadWrite,,,,Var,
BH_CIPCompleted,"Indicates that the CIP circulation time requirement was met, stored in batch history buffer.",BOOL,,ReadWrite,[0..19],,,Var,
BH_CIPCompleted[0],,BOOL,,,,,,,
BH_CIPCompleted[1],,BOOL,,,,,,,
BH_CIPCompleted[2],,BOOL,,,,,,,
BH_CIPCompleted[3],,BOOL,,,,,,,
BH_CIPCompleted[4],,BOOL,,,,,,,
BH_CIPCompleted[5],,BOOL,,,,,,,
BH_CIPCompleted[6],,BOOL,,,,,,,
BH_CIPCompleted[7],,BOOL,,,,,,,
BH_CIPCompleted[8],,BOOL,,,,,,,
BH_CIPCompleted[9],,BOOL,,,,,,,
BH_CIPCompleted[10],,BOOL,,,,,,,
BH_CIPCompleted[11],,BOOL,,,,,,,
BH_CIPCompleted[12],,BOOL,,,,,,,
BH_CIPCompleted[13],,BOOL,,,,,,,
BH_CIPCompleted[14],,BOOL,,,,,,,
BH_CIPCompleted[15],,BOOL,,,,,,,
BH_CIPCompleted[16],,BOOL,,,,,,,
BH_CIPCompleted[17],,BOOL,,,,,,,
BH_CIPCompleted[18],,BOOL,,,,,,,
BH_CIPCompleted[19],,BOOL,,,,,,,
InternalFault,Fault condition indicating instrument or measurement failure.,BOOL,,ReadWrite,,,,Var,
BH_RecipeID,"Index of selected recipe for batch, stored in batch history buffer.",DINT,,ReadWrite,[0..19],,,Var,
BH_RecipeID[0],,DINT,,,,,,,
BH_RecipeID[1],,DINT,,,,,,,
BH_RecipeID[2],,DINT,,,,,,,
BH_RecipeID[3],,DINT,,,,,,,
BH_RecipeID[4],,DINT,,,,,,,
BH_RecipeID[5],,DINT,,,,,,,
BH_RecipeID[6],,DINT,,,,,,,
BH_RecipeID[7],,DINT,,,,,,,
BH_RecipeID[8],,DINT,,,,,,,
BH_RecipeID[9],,DINT,,,,,,,
BH_RecipeID[10],,DINT,,,,,,,
BH_RecipeID[11],,DINT,,,,,,,
BH_RecipeID[12],,DINT,,,,,,,
BH_RecipeID[13],,DINT,,,,,,,
BH_RecipeID[14],,DINT,,,,,,,
BH_RecipeID[15],,DINT,,,,,,,
BH_RecipeID[16],,DINT,,,,,,,
BH_RecipeID[17],,DINT,,,,,,,
BH_RecipeID[18],,DINT,,,,,,,
BH_RecipeID[19],,DINT,,,,,,,
BATCH_ABORTED_HIGHHIGHTEMP,Indicates that a batch was aborted due to high-high temperature condition.,INT,,ReadWrite,,,6,Var,
MixTime,Mix time selected from active recipe.,TIME,,ReadWrite,,,,Var,
MinorFaultAlarms,"Indicates that one or more minor alarms (high temperature, low temperature, high level or low level) are latched.",BOOL,,ReadWrite,,,FALSE,Var,
CriticalFault,Indicates that high-high temperature alarm is latched or that internal fault is active.,BOOL,,ReadWrite,,,FALSE,Var,
MinorFaultDelta,Current accumulation segment of minor fault duration to be added to total accumulation.,DINT,,ReadWrite,,,,Var,
MinorFaultAccum,Total accumulation of minor fault duration during batch.,DINT,,ReadWrite,,,,Var,
MinorFaultStartTime,Start time of current segment of minor fault timer.,DINT,,ReadWrite,,,,Var,
MinorFault,Indicates that one or more minor fault conditions are active.,BOOL,,ReadWrite,,,,Var,
MinorFaultPrev,Indicator that a minor fault duration accumulation segment was initiated.,BOOL,,ReadWrite,,,,Var,
BH_MinorFaultTime,"Total accumulation of minor fault duration during batch, stored in batch history buffer.",DINT,,ReadWrite,[0..19],,,Var,
BH_MinorFaultTime[0],,DINT,,,,,,,
BH_MinorFaultTime[1],,DINT,,,,,,,
BH_MinorFaultTime[2],,DINT,,,,,,,
BH_MinorFaultTime[3],,DINT,,,,,,,
BH_MinorFaultTime[4],,DINT,,,,,,,
BH_MinorFaultTime[5],,DINT,,,,,,,
BH_MinorFaultTime[6],,DINT,,,,,,,
BH_MinorFaultTime[7],,DINT,,,,,,,
BH_MinorFaultTime[8],,DINT,,,,,,,
BH_MinorFaultTime[9],,DINT,,,,,,,
BH_MinorFaultTime[10],,DINT,,,,,,,
BH_MinorFaultTime[11],,DINT,,,,,,,
BH_MinorFaultTime[12],,DINT,,,,,,,
BH_MinorFaultTime[13],,DINT,,,,,,,
BH_MinorFaultTime[14],,DINT,,,,,,,
BH_MinorFaultTime[15],,DINT,,,,,,,
BH_MinorFaultTime[16],,DINT,,,,,,,
BH_MinorFaultTime[17],,DINT,,,,,,,
BH_MinorFaultTime[18],,DINT,,,,,,,
BH_MinorFaultTime[19],,DINT,,,,,,,
HoldStartTime,Start time of current segment of hold timer.,DINT,,ReadWrite,,,,Var,
HoldAccum,Total accumulation of hold duration during batch.,DINT,,ReadWrite,,,,Var,
HoldPrev,Indicator that a hold timer accumulation segment was initiated.,BOOL,,ReadWrite,,,,Var,
HoldDelta,Current accumulation segment of hold timer to be added to total accumulation.,DINT,,ReadWrite,,,,Var,
SystemTime,Simulated system clock.,DINT,,ReadWrite,,,,Var,
HoldTimeoutAck,Operator acknowledgment used to clear hold timeout alarm.,BOOL,,ReadWrite,,,,Var,
EstopResetPB,Emergency stop reset pushbutton input. Used to clear from emergency stop phase.,BOOL,,ReadWrite,,,,Var,
RT_CIPMaxTemp,Max temperature reached during CIP.,REAL,,ReadWrite,,,,Var,
BH_CIPMaxTemp,"Max temperature reached during CIP, stored in batch history buffer.",REAL,,ReadWrite,[0..19],,,Var,
BH_CIPMaxTemp[0],,REAL,,,,,,,
BH_CIPMaxTemp[1],,REAL,,,,,,,
BH_CIPMaxTemp[2],,REAL,,,,,,,
BH_CIPMaxTemp[3],,REAL,,,,,,,
BH_CIPMaxTemp[4],,REAL,,,,,,,
BH_CIPMaxTemp[5],,REAL,,,,,,,
BH_CIPMaxTemp[6],,REAL,,,,,,,
BH_CIPMaxTemp[7],,REAL,,,,,,,
BH_CIPMaxTemp[8],,REAL,,,,,,,
BH_CIPMaxTemp[9],,REAL,,,,,,,
BH_CIPMaxTemp[10],,REAL,,,,,,,
BH_CIPMaxTemp[11],,REAL,,,,,,,
BH_CIPMaxTemp[12],,REAL,,,,,,,
BH_CIPMaxTemp[13],,REAL,,,,,,,
BH_CIPMaxTemp[14],,REAL,,,,,,,
BH_CIPMaxTemp[15],,REAL,,,,,,,
BH_CIPMaxTemp[16],,REAL,,,,,,,
BH_CIPMaxTemp[17],,REAL,,,,,,,
BH_CIPMaxTemp[18],,REAL,,,,,,,
BH_CIPMaxTemp[19],,REAL,,,,,,,
BH_BatchDuration,"Total time it took for batch to complete active phases, stored in batch history buffer.",DINT,,ReadWrite,[0..19],,,Var,
BH_BatchDuration[0],,DINT,,,,,,,
BH_BatchDuration[1],,DINT,,,,,,,
BH_BatchDuration[2],,DINT,,,,,,,
BH_BatchDuration[3],,DINT,,,,,,,
BH_BatchDuration[4],,DINT,,,,,,,
BH_BatchDuration[5],,DINT,,,,,,,
BH_BatchDuration[6],,DINT,,,,,,,
BH_BatchDuration[7],,DINT,,,,,,,
BH_BatchDuration[8],,DINT,,,,,,,
BH_BatchDuration[9],,DINT,,,,,,,
BH_BatchDuration[10],,DINT,,,,,,,
BH_BatchDuration[11],,DINT,,,,,,,
BH_BatchDuration[12],,DINT,,,,,,,
BH_BatchDuration[13],,DINT,,,,,,,
BH_BatchDuration[14],,DINT,,,,,,,
BH_BatchDuration[15],,DINT,,,,,,,
BH_BatchDuration[16],,DINT,,,,,,,
BH_BatchDuration[17],,DINT,,,,,,,
BH_BatchDuration[18],,DINT,,,,,,,
BH_BatchDuration[19],,DINT,,,,,,,
RT_BatchDuration,Total time it took for batch to complete active phases.,DINT,,ReadWrite,,,,Var,
LowTempActive,Low temperature alarm condition. True when temperature is more than 5 °C below recipe target temperature during mixing phase.,BOOL,,ReadWrite,,,,Var,
LowTempAlarm,Latched low temperature alarm triggered when temperature is more than 5 °C below recipe target temperature during mixing phase.,BOOL,,ReadWrite,,,,Var,
LowTempAck,Operator acknowledgment used to clear low temperature alarm.,BOOL,,ReadWrite,,,,Var,
FaultTimeoutAlarm,Latched minor fault timeout alarm triggered when accumulated minor fault duration exceeds allowed limit during batch.,BOOL,,ReadWrite,,,,Var,
FaultTimeoutAck,Operator acknowledgment used to clear minor fault timeout alarm.,BOOL,,ReadWrite,,,,Var,
BATCH_DISCARDED_FAULT_TIMEOUT,Indicates that a batch was discarded due to excessive fault duration.,INT,,ReadWrite,,,7,Var,
RT_LastPhase,Last phase active process went through.,INT,,ReadWrite,,,,Var,
InternalFaultAlarm,Latched internal fault alarm triggered when there is an instrument or measurement failure.,BOOL,,ReadWrite,,,,Var,
InternalFaultAck,Operator acknowledgment used to clear internal fault alarm.,BOOL,,ReadWrite,,,,Var,
CIPInletValveCmd,Command to open CIP inlet valve.,BOOL,,ReadWrite,,,FALSE,Var,
WasteOutletValveCmd,Command to open waste outlet valve.,BOOL,,ReadWrite,,,FALSE,Var,
